Parameter,Value,Dominant Period
nu11,0.04000000000000001,23.225806451612904
nu11,0.06620689655172415,23.999999999999996
nu11,0.09241379310344829,24.406779661016948
nu11,0.11862068965517242,25.263157894736842
nu11,0.14482758620689656,25.714285714285715
nu11,0.1710344827586207,26.18181818181818
nu11,0.19724137931034483,26.18181818181818
nu11,0.22344827586206897,25.714285714285715
nu11,0.24965517241379312,22.857142857142854
nu11,0.27586206896551724,21.492537313432834
nu11,0.3020689655172414,nan
nu11,0.32827586206896553,nan
nu11,0.3544827586206897,nan
nu11,0.3806896551724138,nan
nu11,0.40689655172413797,nan
nu11,0.4331034482758621,nan
nu11,0.45931034482758626,nan
nu11,0.4855172413793104,nan
nu11,0.5117241379310346,nan
nu11,0.5379310344827587,nan
nu11,0.5641379310344828,nan
nu11,0.590344827586207,nan
nu11,0.6165517241379311,nan
nu11,0.6427586206896553,nan
nu11,0.6689655172413793,nan
nu11,0.6951724137931035,nan
nu11,0.7213793103448276,nan
nu11,0.7475862068965518,nan
nu11,0.7737931034482759,nan
nu11,0.8,nan
nu13,0.16000000000000003,23.999999999999996
nu13,0.2648275862068966,24.406779661016948
nu13,0.36965517241379314,24.82758620689655
nu13,0.47448275862068967,25.714285714285715
nu13,0.5793103448275863,25.714285714285715
nu13,0.6841379310344828,26.18181818181818
nu13,0.7889655172413793,26.18181818181818
nu13,0.8937931034482759,25.714285714285715
nu13,0.9986206896551725,24.82758620689655
nu13,1.103448275862069,22.5
nu13,1.2082758620689655,21.176470588235293
nu13,1.3131034482758621,nan
nu13,1.4179310344827587,nan
nu13,1.5227586206896553,nan
nu13,1.6275862068965519,nan
nu13,1.7324137931034485,nan
nu13,1.837241379310345,nan
nu13,1.9420689655172416,nan
nu13,2.046896551724138,nan
nu13,2.151724137931035,nan
nu13,2.2565517241379314,nan
nu13,2.361379310344828,nan
nu13,2.4662068965517245,nan
nu13,2.571034482758621,nan
nu13,2.6758620689655173,nan
nu13,2.780689655172414,nan
nu13,2.8855172413793104,nan
nu13,2.990344827586207,nan
nu13,3.0951724137931036,nan
nu13,3.2,nan
nu14,0.04000000000000001,nan
nu14,0.06620689655172415,nan
nu14,0.09241379310344829,nan
nu14,0.11862068965517242,nan
nu14,0.14482758620689656,23.225806451612904
nu14,0.1710344827586207,26.18181818181818
nu14,0.19724137931034483,26.18181818181818
nu14,0.22344827586206897,25.714285714285715
nu14,0.24965517241379312,25.714285714285715
nu14,0.27586206896551724,25.263157894736842
nu14,0.3020689655172414,25.263157894736842
nu14,0.32827586206896553,24.82758620689655
nu14,0.3544827586206897,24.82758620689655
nu14,0.3806896551724138,24.82758620689655
nu14,0.40689655172413797,24.82758620689655
nu14,0.4331034482758621,24.406779661016948
nu14,0.45931034482758626,24.406779661016948
nu14,0.4855172413793104,24.406779661016948
nu14,0.5117241379310346,24.406779661016948
nu14,0.5379310344827587,23.999999999999996
nu14,0.5641379310344828,23.999999999999996
nu14,0.590344827586207,23.999999999999996
nu14,0.6165517241379311,23.999999999999996
nu14,0.6427586206896553,23.999999999999996
nu14,0.6689655172413793,23.999999999999996
nu14,0.6951724137931035,23.999999999999996
nu14,0.7213793103448276,23.999999999999996
nu14,0.7475862068965518,23.999999999999996
nu14,0.7737931034482759,23.999999999999996
nu14,0.8,23.999999999999996
hill_W,1.0,26.18181818181818
hill_W,1.2105263157894737,26.18181818181818
hill_W,1.4210526315789473,25.714285714285715
hill_W,1.631578947368421,25.263157894736842
hill_W,1.8421052631578947,23.999999999999996
hill_W,2.052631578947368,22.5
hill_W,2.263157894736842,21.492537313432834
hill_W,2.473684210526316,21.176470588235293
hill_W,2.6842105263157894,20.57142857142857
hill_W,2.894736842105263,21.818181818181817
hill_W,3.1052631578947367,22.153846153846153
hill_W,3.3157894736842106,26.666666666666668
hill_W,3.526315789473684,26.666666666666668
hill_W,3.7368421052631575,26.666666666666668
hill_W,3.9473684210526314,26.666666666666668
hill_W,4.157894736842105,26.666666666666668
hill_W,4.368421052631579,26.666666666666668
hill_W,4.578947368421052,26.666666666666668
hill_W,4.789473684210526,26.666666666666668
hill_W,5.0,26.666666666666668
K_W,0.05,nan
K_W,0.15263157894736842,nan
K_W,0.25526315789473686,nan
K_W,0.35789473684210527,21.176470588235293
K_W,0.4605263157894737,21.492537313432834
K_W,0.5631578947368422,22.5
K_W,0.6657894736842106,23.606557377049178
K_W,0.768421052631579,23.999999999999996
K_W,0.8710526315789474,24.406779661016948
K_W,0.9736842105263158,24.82758620689655
K_W,1.0763157894736843,24.82758620689655
K_W,1.1789473684210527,25.263157894736842
K_W,1.2815789473684212,25.263157894736842
K_W,1.3842105263157896,25.714285714285715
K_W,1.486842105263158,25.714285714285715
K_W,1.5894736842105264,25.714285714285715
K_W,1.6921052631578948,25.714285714285715
K_W,1.7947368421052632,26.18181818181818
K_W,1.8973684210526316,26.18181818181818
K_W,2.0,26.18181818181818
d,0.4,24.406779661016948
d,0.6620689655172414,24.82758620689655
d,0.9241379310344827,25.263157894736842
d,1.186206896551724,25.263157894736842
d,1.4482758620689653,25.714285714285715
d,1.7103448275862068,25.714285714285715
d,1.9724137931034482,26.18181818181818
d,2.2344827586206892,26.666666666666668
d,2.4965517241379307,26.666666666666668
d,2.758620689655172,26.666666666666668
d,3.0206896551724136,27.169811320754715
d,3.2827586206896546,27.169811320754715
d,3.544827586206896,27.169811320754715
d,3.8068965517241375,27.169811320754715
d,4.068965517241379,27.169811320754715
d,4.3310344827586205,27.169811320754715
d,4.593103448275862,27.69230769230769
d,4.855172413793103,27.69230769230769
d,5.117241379310345,27.69230769230769
d,5.379310344827586,27.69230769230769
d,5.641379310344828,27.69230769230769
d,5.903448275862068,27.69230769230769
d,6.16551724137931,28.235294117647058
d,6.427586206896551,28.235294117647058
d,6.689655172413793,28.235294117647058
d,6.951724137931034,28.235294117647058
d,7.213793103448276,28.235294117647058
d,7.475862068965517,28.235294117647058
d,7.737931034482758,28.235294117647058
d,8.0,28.235294117647058
