Parameter,Fold Change,Parameter Value,Lunar Phase,Lunar Drive,Period (h),Relative Amplitude,Interval CV,Peak Count,Sustained Ratio,Mean C,Mean W,Rhythmic,Status
W gain (nu13/nu14),0.5,2.0,Full moon,0.5,24.175283617694177,2.336759964216146,1.1667356382632594e-06,29,0.9999970737531784,0.2608628862718171,0.5220770303712428,True,rhythmic
W gain (nu13/nu14),0.5612310241546865,2.244924096618746,Full moon,0.5,24.301579947125845,2.3460360216596783,5.7784399564095774e-08,30,0.9999697570479908,0.2542401608017817,0.5700898473387307,True,rhythmic
W gain (nu13/nu14),0.6299605249474366,2.5198420997897464,Full moon,0.5,24.430204451736813,2.370935016997616,1.4288557997160917e-06,30,0.9999996638284155,0.24668622703089155,0.6213878381746382,True,rhythmic
W gain (nu13/nu14),0.7071067811865476,2.8284271247461903,Full moon,0.5,24.557919091783575,2.4491748666047664,1.6082135176158695e-06,29,0.9999984129427119,0.23979602356849072,0.6790406166854523,True,rhythmic
W gain (nu13/nu14),0.7937005259840997,3.1748021039363987,Full moon,0.5,24.679443596178317,2.470759830441413,1.0078305033061864e-06,29,0.9999987601227714,0.23352672230176802,0.7413934503749493,True,rhythmic
W gain (nu13/nu14),0.8908987181403393,3.5635948725613575,Full moon,0.5,24.786415843599258,2.480999589650313,7.927052313081892e-07,29,0.9999978818308549,0.2268810548334863,0.8082838452007688,True,rhythmic
W gain (nu13/nu14),1.0,4.0,Full moon,0.5,24.865847632211796,2.500488017905895,1.1681506045629259e-06,28,0.9999941515255835,0.22032009403987454,0.8814800895058416,True,rhythmic
W gain (nu13/nu14),1.122462048309373,4.489848193237492,Full moon,0.5,24.89826689846936,2.493897586609483,5.069732657302322e-08,28,0.9999903236423312,0.21384181021209925,0.9606038309440683,True,rhythmic
W gain (nu13/nu14),1.2599210498948732,5.039684199579493,Full moon,0.5,24.85615197065313,2.4487617685305842,1.1171365576019594e-06,29,0.9999987590684594,0.20755085086900707,1.0458937943798394,True,rhythmic
W gain (nu13/nu14),1.414213562373095,5.65685424949238,Full moon,0.5,24.70504613201873,2.3794360943574437,1.1799608699222332e-07,29,0.9999682037460715,0.20126189951168302,1.1381455816462709,True,rhythmic
W gain (nu13/nu14),1.5874010519681996,6.349604207872798,Full moon,0.5,24.412190342034886,2.2578330799876474,1.24050928632149e-07,29,0.9999985422023524,0.19415987949200061,1.2346514843769587,True,rhythmic
W gain (nu13/nu14),1.7817974362806783,7.127189745122713,Full moon,0.5,23.96644694283313,2.0311561660809194,6.625350740430002e-07,30,0.9999954933637077,0.1876828417292166,1.3374501295775534,True,rhythmic
W gain (nu13/nu14),2.0,8.0,Full moon,0.5,23.40123155459581,1.7069558658895476,5.6022820587344835e-08,31,0.9999882708638276,0.18038291672909054,1.4430747058905233,True,rhythmic
W gain (nu13/nu14),0.5,2.0,Mean drive,0.75,24.899047290425756,2.5084256090409016,7.789966666523034e-09,29,0.999949054205455,0.3885281506978437,0.7773106066721557,True,rhythmic
W gain (nu13/nu14),0.5612310241546865,2.244924096618746,Mean drive,0.75,24.99515806920266,2.548388807536965,2.5412307714322405e-07,28,0.9999806839860714,0.37655794656614444,0.8460576129984948,True,rhythmic
W gain (nu13/nu14),0.6299605249474366,2.5198420997897464,Mean drive,0.75,25.054785069933935,2.55672517718028,1.3407759131831568e-06,28,0.9999974557484369,0.364864634590499,0.9202344970580425,True,rhythmic
W gain (nu13/nu14),0.7071067811865476,2.8284271247461903,Mean drive,0.75,25.05531705660087,2.5091854209629587,1.190968260713882e-06,29,0.9999994241502903,0.35283451023496964,0.9989169314851195,True,rhythmic
W gain (nu13/nu14),0.7937005259840997,3.1748021039363987,Mean drive,0.75,24.966744264182438,2.4518748426824235,9.109721003732179e-07,29,0.9999985496696145,0.3421058467016153,1.0855350866769613,True,rhythmic
W gain (nu13/nu14),0.8908987181403393,3.5635948725613575,Mean drive,0.75,24.755612433065238,2.358625346308037,5.105902738461329e-07,29,0.9999995100420646,0.3299774678792745,1.17616329593216,True,rhythmic
W gain (nu13/nu14),1.0,4.0,Mean drive,0.75,24.39801701415962,2.225266782843337,2.7124780321531542e-08,29,0.9999485404846924,0.3182633792341094,1.2740251148157369,True,rhythmic
W gain (nu13/nu14),1.122462048309373,4.489848193237492,Mean drive,0.75,23.900680009849566,1.9638468385523666,6.351019340294555e-08,30,0.9999773000395763,0.306115716162353,1.3740994421196402,True,rhythmic
W gain (nu13/nu14),1.2599210498948732,5.039684199579493,Mean drive,0.75,23.314708105440857,1.606220877103725,7.585364571512251e-07,31,0.999999334894448,0.29333522500580583,1.477910096651535,True,rhythmic
W gain (nu13/nu14),1.414213562373095,5.65685424949238,Mean drive,0.75,22.723529289717206,1.0495549279955951,8.888131194710517e-07,31,0.9999976496477487,0.28046042278126715,1.5865638191274982,True,rhythmic
W gain (nu13/nu14),1.5874010519681996,6.349604207872798,Mean drive,0.75,nan,0.009005226112815458,nan,0,nan,0.267678061528341,1.699646710911776,False,low_amplitude
W gain (nu13/nu14),1.7817974362806783,7.127189745122713,Mean drive,0.75,nan,2.845749609463512e-12,nan,0,nan,0.25547620562885137,1.8208273928809455,False,low_amplitude
W gain (nu13/nu14),2.0,8.0,Mean drive,0.75,nan,0.0,nan,0,nan,0.24328760499611057,1.9463008399688846,False,low_amplitude
W gain (nu13/nu14),0.5,2.0,New moon,1.0,25.17450246479669,2.4855080250403194,7.360633410354671e-07,29,0.9999942741838413,0.5224976165454812,1.0439448968577973,True,rhythmic
W gain (nu13/nu14),0.5612310241546865,2.244924096618746,New moon,1.0,25.02402718508951,2.4297214381530843,4.985299022940355e-07,29,0.9999972547835073,0.5029950066959681,1.1293748436578186,True,rhythmic
W gain (nu13/nu14),0.6299605249474366,2.5198420997897464,New moon,1.0,24.741112958296526,2.3238145291963606,3.5559984408453463e-07,29,0.9999974010116692,0.48428267564388827,1.2207427107602307,True,rhythmic
W gain (nu13/nu14),0.7071067811865476,2.8284271247461903,New moon,1.0,24.31693552567325,2.149933947892049,3.464102924344841e-07,29,0.9999984898917653,0.46476135666110335,1.3160425104118838,True,rhythmic
W gain (nu13/nu14),0.7937005259840997,3.1748021039363987,New moon,1.0,23.778671133269995,1.870361741815931,8.214976096141966e-07,30,0.9999993251372237,0.44529076668046835,1.4147174683536614,True,rhythmic
W gain (nu13/nu14),0.8908987181403393,3.5635948725613575,New moon,1.0,23.18977681214062,1.465855251269055,5.738590979355779e-07,31,0.9999994436252945,0.42553523931559145,1.5164036210932408,True,rhythmic
W gain (nu13/nu14),1.0,4.0,New moon,1.0,22.629723693574164,0.7921847306525927,2.550554770339862e-06,31,0.9997780543075108,0.40540580809531673,1.6219999559365599,True,rhythmic
W gain (nu13/nu14),1.122462048309373,4.489848193237492,New moon,1.0,nan,0.00041844760737090716,nan,0,nan,0.3862310797117291,1.73411880055466,False,low_amplitude
W gain (nu13/nu14),1.2599210498948732,5.039684199579493,New moon,1.0,nan,8.261096750644556e-14,nan,0,nan,0.3674670410017676,1.8519178404028396,False,low_amplitude
W gain (nu13/nu14),1.414213562373095,5.65685424949238,New moon,1.0,nan,1.4753122821983297e-16,nan,0,nan,0.34891053421860546,1.9737360381871758,False,low_amplitude
W gain (nu13/nu14),1.5874010519681996,6.349604207872798,New moon,1.0,nan,0.0,nan,0,nan,0.3306932618680522,2.099771327072566,False,low_amplitude
W gain (nu13/nu14),1.7817974362806783,7.127189745122713,New moon,1.0,nan,1.878935024598883e-15,nan,0,nan,0.31294649245332784,2.230429031785483,False,low_amplitude
W gain (nu13/nu14),2.0,8.0,New moon,1.0,nan,4.105095205565912e-14,nan,0,nan,0.2957846172211447,2.3662769377691624,False,low_amplitude
W turnover speed,0.5,0.1,Full moon,0.5,25.6805914627991,2.6646281313229356,8.815027576939142e-07,28,0.9999969709029777,0.21961643435432715,0.878318062758917,True,rhythmic
W turnover speed,0.5612310241546865,0.11224620483093731,Full moon,0.5,25.582790008913747,2.642252476866345,8.690839999750153e-07,28,0.9999982004160527,0.21953631309033345,0.8786906658473508,True,rhythmic
W turnover speed,0.6299605249474366,0.12599210498948732,Full moon,0.5,25.46887894825636,2.6440632107268587,1.303058538839395e-06,28,0.9999984299416849,0.21997976476497724,0.880302599314768,True,rhythmic
W turnover speed,0.7071067811865476,0.14142135623730953,Full moon,0.5,25.33885876532304,2.5729938446541296,1.4196376354257153e-06,29,0.999998860229423,0.22047411608383807,0.88018722657515,True,rhythmic
W turnover speed,0.7937005259840997,0.15874010519681994,Full moon,0.5,25.193628169971632,2.544989252081015,3.4142797409112525e-07,29,0.999996403003587,0.21993189554523657,0.8798017929922574,True,rhythmic
W turnover speed,0.8908987181403393,0.17817974362806788,Full moon,0.5,25.035031261761674,2.540052797562463,1.3782019082834775e-06,28,0.9999996666128694,0.21995711987095617,0.8809038017859239,True,rhythmic
W turnover speed,1.0,0.2,Full moon,0.5,24.865847632211796,2.500488017905895,1.1681506045629259e-06,28,0.9999941515255835,0.22032009403987454,0.8814800895058416,True,rhythmic
W turnover speed,1.122462048309373,0.22449240966187461,Full moon,0.5,24.68962734409783,2.4398012898076895,5.461199956727655e-07,29,0.9999985572009779,0.22022548727926136,0.8808275182273428,True,rhythmic
W turnover speed,1.2599210498948732,0.25198420997897464,Full moon,0.5,24.510406996714103,2.4035654117690504,5.569832298305048e-07,29,0.9999995384838144,0.2199509433052943,0.8802775333433407,True,rhythmic
W turnover speed,1.414213562373095,0.282842712474619,Full moon,0.5,24.332404532853474,2.3712885747799666,1.3802018218452098e-06,29,0.9999927012465436,0.21986290372395545,0.8803562199217443,True,rhythmic
W turnover speed,1.5874010519681996,0.31748021039363994,Full moon,0.5,24.15966172730046,2.3324106096198562,1.342267739270532e-06,29,0.9999991292698509,0.2200239372018181,0.880809620702885,True,rhythmic
W turnover speed,1.7817974362806783,0.3563594872561357,Full moon,0.5,23.99566122392247,2.2676676402984572,2.672539977000949e-07,30,0.9999621921385771,0.22006045877140978,0.8802370123705517,True,rhythmic
W turnover speed,2.0,0.4,Full moon,0.5,23.84323486286813,2.2304985515500393,1.351868920603783e-06,30,0.9999994193336318,0.21973996165609708,0.8793245447239209,True,rhythmic
W turnover speed,0.5,0.1,Mean drive,0.75,25.129116015775118,2.3322578133509273,4.4416841828692433e-07,29,0.9999985406935915,0.3172710280129132,1.2688114076715638,True,rhythmic
W turnover speed,0.5612310241546865,0.11224620483093731,Mean drive,0.75,25.05042209494608,2.3625869720895984,6.946758406380626e-07,28,0.9999967792048938,0.31778653662288714,1.2712519446109687,True,rhythmic
W turnover speed,0.6299605249474366,0.12599210498948732,Mean drive,0.75,24.954305502060834,2.313545465469579,4.792091615470734e-07,29,0.9999995909267748,0.3178679587868885,1.270995531843119,True,rhythmic
W turnover speed,0.7071067811865476,0.14142135623730953,Mean drive,0.75,24.840044333930337,2.3017377456445542,4.2626092387925156e-07,29,0.9999996923727762,0.3179905032364944,1.272067120310114,True,rhythmic
W turnover speed,0.7937005259840997,0.15874010519681994,Mean drive,0.75,24.70802042008134,2.2679287091195333,1.2128453905146102e-07,29,0.9999957478083802,0.31793709701418277,1.2720837162192098,True,rhythmic
W turnover speed,0.8908987181403393,0.17817974362806788,Mean drive,0.75,24.55976520010921,2.2550782196543064,3.9723678030566385e-07,29,0.999998339037928,0.3178737428932118,1.2729136417898703,True,rhythmic
W turnover speed,1.0,0.2,Mean drive,0.75,24.39801701415962,2.225266782843337,2.7124780321531542e-08,29,0.9999485404846924,0.3182633792341094,1.2740251148157369,True,rhythmic
W turnover speed,1.122462048309373,0.22449240966187461,Mean drive,0.75,24.226555439827933,2.166134092333531,3.0617480638703266e-07,29,0.9999988171919345,0.31851070795928105,1.2737926574266631,True,rhythmic
W turnover speed,1.2599210498948732,0.25198420997897464,Mean drive,0.75,24.049901836516938,2.1074897335327587,3.6261874983753513e-07,30,0.9999996239646247,0.3181684542295358,1.2724755861569252,True,rhythmic
W turnover speed,1.414213562373095,0.282842712474619,Mean drive,0.75,23.872834145545653,2.064009592013138,2.9348871759140277e-07,30,0.9999996654954746,0.3177251298242386,1.271455808784183,True,rhythmic
W turnover speed,1.5874010519681996,0.31748021039363994,Mean drive,0.75,23.700038489608232,2.020786093733157,4.1135953596176e-08,30,0.9999982408432212,0.3175912214975473,1.2713344532264081,True,rhythmic
W turnover speed,1.7817974362806783,0.3563594872561357,Mean drive,0.75,23.53563877125839,1.9603859632156988,3.3471639816148205e-07,30,0.9999992059287509,0.3177792279026053,1.2712903937739404,True,rhythmic
W turnover speed,2.0,0.4,Mean drive,0.75,23.382918278092568,1.8878153003639289,1.870134295902543e-07,31,0.9999983191756978,0.31744853827892394,1.2693070555859114,True,rhythmic
W turnover speed,0.5,0.1,New moon,1.0,23.085957070594162,1.0422749819447195,7.783363876830264e-07,31,0.9999972930076632,0.4053982354586031,1.6217261949149475,True,rhythmic
W turnover speed,0.5612310241546865,0.11224620483093731,New moon,1.0,23.035048763245044,1.019245898072205,1.3844395450552255e-06,31,0.9999961478261854,0.40532243065560625,1.6214769277530772,True,rhythmic
W turnover speed,0.6299605249474366,0.12599210498948732,New moon,1.0,22.97425305830069,1.0002161735671482,1.0773312914746844e-06,31,0.9999946739803955,0.40567007314164977,1.622368954391154,True,rhythmic
W turnover speed,0.7071067811865476,0.14142135623730953,New moon,1.0,22.902987725053976,0.9612056579485244,2.4836730880651483e-07,31,0.9999732790028711,0.40535283093828156,1.621684721073512,True,rhythmic
W turnover speed,0.7937005259840997,0.15874010519681994,New moon,1.0,22.821229314333507,0.9235083385366329,8.870139814024875e-07,31,0.9999751830199324,0.4056593760215356,1.6226808538248907,True,rhythmic
W turnover speed,0.8908987181403393,0.17817974362806788,New moon,1.0,22.729650002430418,0.860000607474892,1.2603364020575042e-06,32,0.9999377288195543,0.40553703787726436,1.6217683341033893,True,rhythmic
W turnover speed,1.0,0.2,New moon,1.0,22.629723693574164,0.7921847306525927,2.550554770339862e-06,31,0.9997780543075108,0.40540580809531673,1.6219999559365599,True,rhythmic
W turnover speed,1.122462048309373,0.22449240966187461,New moon,1.0,22.52381574790894,0.699411714825446,8.305284594799674e-06,32,0.9990374447164395,0.4054270615956284,1.6216547783569517,True,rhythmic
W turnover speed,1.2599210498948732,0.25198420997897464,New moon,1.0,22.415633208507018,0.5852537746330696,2.8311874118917555e-05,32,0.9954760856543982,0.4053597274402412,1.6213993819376415,True,rhythmic
W turnover speed,1.414213562373095,0.282842712474619,New moon,1.0,22.312926080566626,0.4432129647674732,8.444487720718991e-05,32,0.9775255175449692,0.40517337739115944,1.6206187794776703,True,rhythmic
W turnover speed,1.5874010519681996,0.31748021039363994,New moon,1.0,22.233501839467806,0.28635779924808685,0.00013449373819302357,32,0.912395960851506,0.4051611994324118,1.6207154858179467,True,rhythmic
W turnover speed,1.7817974362806783,0.3563594872561357,New moon,1.0,22.195259173885745,0.14976314180009134,8.303447662974639e-05,32,0.7801397676489679,0.405069126796793,1.6202995653618275,True,rhythmic
W turnover speed,2.0,0.4,New moon,1.0,22.185446980657474,0.06700436121985251,2.3059348496893636e-05,33,0.6309270906667815,0.4050976368640004,1.620360722315649,True,rhythmic
